{
  "users": [
    {
      "id": 1,
      "username": "pixogram",
      "uemail": "pixogram@gmail.com",
      "password": "pixogram",
      "profile": ""
    },
    {
      "username": "hari",
      "uemail": "hari123@gmail.com",
      "password": "hari123",
      "profile": "image.jpeg",
      "id": 2
    },
    {
      "username": "ajay",
      "uemail": "ajay123@gmail.com",
      "password": "abcde",
      "profile": "image.jpeg",
      "id": 3
    },
    {
      "username": "bhanu",
      "uemail": "abcd@gm.com",
      "password": "abcd",
      "profile": "C:\\fakepath\\pixogram.png",
      "id": 4
    }
  ],
  "mediafiles": [
    {
      "id": 1,
      "url": "image.png",
      "title": "Beach",
      "description": "A pic of beach in the early morning...",
      "tags": "beach,morning"
    },
    {
      "url": "C:\\fakepath\\Discharge_summary.jpeg",
      "title": "t",
      "description": "d",
      "tags": "t,t",
      "id": 2
    },
    {
      "url": "C:\\fakepath\\IP_final.jpeg",
      "title": "i",
      "description": "p",
      "tags": "final",
      "id": 3
    },
    {
      "url": "C:\\fakepath\\Pharmacy_Bills.jpeg",
      "title": "p",
      "description": "b",
      "tags": "bills",
      "id": 4
    },
    {
      "url": "C:\\fakepath\\Discharge_summary.jpeg",
      "title": "kfsv",
      "description": "ldfkz",
      "tags": "kmvd",
      "id": 5
    },
    {
      "url": "C:\\fakepath\\IP_final.jpeg",
      "title": "dv',",
      "description": "xcmkmvc",
      "tags": "fjk",
      "id": 6
    },
    {
      "url": "C:\\fakepath\\pic.jfif",
      "title": " m,",
      "description": "lkj",
      "tags": "jmn njm",
      "id": 7
    }
  ]
}